# TaskName,Priority,StartSec,StartNsec,EndSec,EndNsec
GANTT,Preproc_thread,45,21272,593797789,21272,593797821
GANTT,Direction_thread,50,21272,593878078,21272,593883326
GANTT,Display_thread,30,21272,593896454,21272,594014749
GANTT,Issue_thread,60,21272,593890248,21272,594807369
GANTT,Speed_thread,40,21272,593912958,21272,594903434
GANTT,FFT_thread,20,21272,594074190,21272,595028395
GANTT,Preproc_thread,45,21272,743801894,21272,743801937
GANTT,Speed_thread,40,21272,793986249,21272,794892415
GANTT,Preproc_thread,45,21272,893799760,21272,893799797
GANTT,Speed_thread,40,21272,993943557,21272,994827822
GANTT,Preproc_thread,45,21273,43800379,21273,43800405
GANTT,Direction_thread,50,21273,93974258,21273,93986166
GANTT,AudioCallback,99,21273,108301302,21273,108302058
GANTT,AudioCallback,99,21273,108330999,21273,108331147
GANTT,Preproc_thread,45,21273,193807693,21273,193807723
GANTT,Speed_thread,40,21273,193913078,21273,194790409
GANTT,Preproc_thread,45,21273,343801603,21273,343801630
GANTT,AudioCallback,99,21273,364510522,21273,364511353
GANTT,AudioCallback,99,21273,364545117,21273,364545320
GANTT,AudioCallback,99,21273,364550618,21273,364550739
GANTT,Speed_thread,40,21273,393929108,21273,394752923
GANTT,Preproc_thread,45,21273,493800803,21273,493800832
GANTT,Direction_thread,50,21273,593907707,21273,593949896
GANTT,Speed_thread,40,21273,593908187,21273,594816477
GANTT,Issue_thread,60,21273,594022989,21273,594859623
GANTT,AudioCallback,99,21273,620165970,21273,620166847
GANTT,AudioCallback,99,21273,620211575,21273,620211773
GANTT,Preproc_thread,45,21273,643803061,21273,643803092
GANTT,Preproc_thread,45,21273,793804486,21273,793804518
GANTT,Speed_thread,40,21273,793932519,21273,794769060
GANTT,AudioCallback,99,21273,875911856,21273,875912709
GANTT,AudioCallback,99,21273,875970221,21273,875970371
GANTT,AudioCallback,99,21273,875975767,21273,875975883
GANTT,Preproc_thread,45,21273,943805949,21273,943806060
GANTT,Speed_thread,40,21273,993998847,21273,994841657
GANTT,Preproc_thread,45,21274,93802988,21274,93803021
GANTT,Direction_thread,50,21274,93905344,21274,93917494
GANTT,AudioCallback,99,21274,132004701,21274,132005516
GANTT,AudioCallback,99,21274,132042808,21274,132042953
GANTT,AudioCallback,99,21274,132047944,21274,132048068
GANTT,Speed_thread,40,21274,193926529,21274,194817858
GANTT,Preproc_thread,45,21274,243808633,21274,243808666
GANTT,AudioCallback,99,21274,388215227,21274,388216031
GANTT,AudioCallback,99,21274,388254781,21274,388254976
GANTT,AudioCallback,99,21274,388261398,21274,388261557
GANTT,Preproc_thread,45,21274,393802962,21274,393803012
GANTT,Speed_thread,40,21274,393929066,21274,394811652
GANTT,Preproc_thread,45,21274,543805568,21274,543805601
GANTT,Direction_thread,50,21274,593898598,21274,593918379
GANTT,Issue_thread,60,21274,593919887,21274,594781472
GANTT,Speed_thread,40,21274,593903286,21274,594815270
GANTT,FFT_thread,20,21274,594073982,21274,594988653
GANTT,AudioCallback,99,21274,643981142,21274,643981912
GANTT,AudioCallback,99,21274,644025598,21274,644025971
GANTT,Preproc_thread,45,21274,693807006,21274,693807050
GANTT,Speed_thread,40,21274,793923036,21274,794809235
GANTT,Preproc_thread,45,21274,843807520,21274,843807553
GANTT,AudioCallback,99,21274,899041729,21274,899042502
GANTT,AudioCallback,99,21274,899082803,21274,899083008
GANTT,AudioCallback,99,21274,899088337,21274,899088460
GANTT,Preproc_thread,45,21274,993804083,21274,993804117
GANTT,Speed_thread,40,21274,993922924,21274,994799868
GANTT,Direction_thread,50,21275,93902536,21275,93917669
GANTT,Preproc_thread,45,21275,143806449,21275,143806489
GANTT,AudioCallback,99,21275,156876609,21275,156877231
GANTT,AudioCallback,99,21275,156908933,21275,156909112
GANTT,AudioCallback,99,21275,156915388,21275,156915546
GANTT,Speed_thread,40,21275,193928234,21275,194805874
GANTT,Preproc_thread,45,21275,293803393,21275,293803430
GANTT,Speed_thread,40,21275,393995335,21275,394880265
GANTT,AudioCallback,99,21275,412893222,21275,412893791
GANTT,AudioCallback,99,21275,412914433,21275,412914618
GANTT,AudioCallback,99,21275,412919359,21275,412919471
GANTT,Preproc_thread,45,21275,443802858,21275,443802889
GANTT,Preproc_thread,45,21275,593801096,21275,593801142
GANTT,Direction_thread,50,21275,593899811,21275,593915914
GANTT,Issue_thread,60,21275,593914796,21275,594767151
GANTT,Speed_thread,40,21275,593903654,21275,594798596
GANTT,AudioCallback,99,21275,668872054,21275,668872815
GANTT,AudioCallback,99,21275,668907705,21275,668907907
GANTT,Preproc_thread,45,21275,743805591,21275,743805639
GANTT,Speed_thread,40,21275,793999509,21275,794903757
GANTT,Preproc_thread,45,21275,893803883,21275,893803916
GANTT,AudioCallback,99,21275,924994367,21275,924994936
GANTT,AudioCallback,99,21275,925020088,21275,925020244
GANTT,AudioCallback,99,21275,925025936,21275,925026063
GANTT,Speed_thread,40,21275,993924721,21275,994920826
GANTT,Preproc_thread,45,21276,43800835,21276,43800864
GANTT,Direction_thread,50,21276,93898639,21276,93913213
GANTT,AudioCallback,99,21276,180844277,21276,180845058
GANTT,AudioCallback,99,21276,180885698,21276,180885931
GANTT,AudioCallback,99,21276,180891444,21276,180891590
GANTT,Preproc_thread,45,21276,193806742,21276,193806779
GANTT,Speed_thread,40,21276,193930627,21276,194815982
GANTT,Preproc_thread,45,21276,343803173,21276,343803222
GANTT,Speed_thread,40,21276,393989527,21276,394890461
GANTT,AudioCallback,99,21276,436612870,21276,436613613
GANTT,AudioCallback,99,21276,436650593,21276,436650951
GANTT,AudioCallback,99,21276,436657346,21276,436657490
GANTT,Preproc_thread,45,21276,493806196,21276,493806243
GANTT,Direction_thread,50,21276,593904803,21276,593922993
GANTT,Issue_thread,60,21276,593923307,21276,594815084
GANTT,Speed_thread,40,21276,593906415,21276,594859035
GANTT,FFT_thread,20,21276,594073162,21276,594989055
GANTT,Preproc_thread,45,21276,643801941,21276,643801972
GANTT,AudioCallback,99,21276,692089579,21276,692090328
GANTT,AudioCallback,99,21276,692125825,21276,692126006
GANTT,Preproc_thread,45,21276,793802999,21276,793803029
GANTT,Speed_thread,40,21276,794024445,21276,794921144
GANTT,Preproc_thread,45,21276,943804213,21276,943804245
GANTT,AudioCallback,99,21276,948329753,21276,948330786
GANTT,AudioCallback,99,21276,948366801,21276,948366970
GANTT,AudioCallback,99,21276,948371403,21276,948371522
GANTT,Speed_thread,40,21276,993905575,21276,994787618
GANTT,Preproc_thread,45,21277,93803943,21277,93803979
GANTT,Direction_thread,50,21277,93898185,21277,93910109
GANTT,Speed_thread,40,21277,193993291,21277,194806955
GANTT,AudioCallback,99,21277,204543469,21277,204543860
GANTT,AudioCallback,99,21277,204561875,21277,204562056
GANTT,AudioCallback,99,21277,204566115,21277,204566226
GANTT,Preproc_thread,45,21277,243802912,21277,243802943
GANTT,Preproc_thread,45,21277,393803660,21277,393803700
GANTT,Speed_thread,40,21277,393905511,21277,394717781
GANTT,AudioCallback,99,21277,460468152,21277,460468915
GANTT,AudioCallback,99,21277,460502978,21277,460503164
GANTT,AudioCallback,99,21277,460508905,21277,460509061
GANTT,Preproc_thread,45,21277,543803771,21277,543803809
GANTT,Direction_thread,50,21277,593903888,21277,593933917
GANTT,Display_thread,30,21277,593926376,21277,593999268
GANTT,Speed_thread,40,21277,593903892,21277,594801233
GANTT,Issue_thread,60,21277,593926374,21277,594816410
GANTT,Preproc_thread,45,21277,693805098,21277,693805152
GANTT,AudioCallback,99,21277,716898554,21277,716899301
GANTT,AudioCallback,99,21277,716929057,21277,716929196
GANTT,AudioCallback,99,21277,716933527,21277,716933643
GANTT,Speed_thread,40,21277,794015692,21277,794950150
GANTT,Preproc_thread,45,21277,843805153,21277,843805187
GANTT,AudioCallback,99,21277,972458717,21277,972459409
GANTT,AudioCallback,99,21277,972491394,21277,972491550
GANTT,Preproc_thread,45,21277,993805454,21277,993805484
GANTT,Speed_thread,40,21277,994009629,21277,994836038
GANTT,Direction_thread,50,21278,93966999,21278,93978977
GANTT,Preproc_thread,45,21278,143802659,21278,143802696
GANTT,Speed_thread,40,21278,193998753,21278,194827979
GANTT,AudioCallback,99,21278,227554550,21278,227555464
GANTT,AudioCallback,99,21278,227595650,21278,227595830
GANTT,AudioCallback,99,21278,227601069,21278,227601199
GANTT,Preproc_thread,45,21278,293807170,21278,293807204
GANTT,Speed_thread,40,21278,393924905,21278,394741319
GANTT,Preproc_thread,45,21278,443803738,21278,443803770
GANTT,AudioCallback,99,21278,484213548,21278,484214437
GANTT,AudioCallback,99,21278,484266164,21278,484266356
GANTT,AudioCallback,99,21278,484273536,21278,484273706
GANTT,Preproc_thread,45,21278,593814318,21278,593814351
GANTT,Direction_thread,50,21278,593907383,21278,593922768
GANTT,Speed_thread,40,21278,593908282,21278,594795383
GANTT,Issue_thread,60,21278,594009212,21278,594859880
GANTT,FFT_thread,20,21278,594075683,21278,595022997
GANTT,AudioCallback,99,21278,739144257,21278,739145042
GANTT,AudioCallback,99,21278,739181816,21278,739182233
GANTT,AudioCallback,99,21278,739188845,21278,739189015
GANTT,Preproc_thread,45,21278,743805990,21278,743806028
GANTT,Speed_thread,40,21278,793927148,21278,794761084
GANTT,Preproc_thread,45,21278,893801864,21278,893801891
GANTT,Speed_thread,40,21278,993924395,21278,994768845
GANTT,AudioCallback,99,21278,995779873,21278,995780212
GANTT,AudioCallback,99,21278,995787237,21278,995787354
GANTT,Preproc_thread,45,21279,43803464,21279,43803494
GANTT,Direction_thread,50,21279,93903729,21279,93915482
GANTT,Preproc_thread,45,21279,193803917,21279,193803959
GANTT,Speed_thread,40,21279,193936416,21279,194751173
GANTT,AudioCallback,99,21279,252332165,21279,252332900
GANTT,AudioCallback,99,21279,252378519,21279,252378698
GANTT,AudioCallback,99,21279,252384691,21279,252384838
GANTT,Preproc_thread,45,21279,343802623,21279,343802655
GANTT,Speed_thread,40,21279,393921328,21279,394798722
GANTT,Preproc_thread,45,21279,493803348,21279,493803388
GANTT,AudioCallback,99,21279,508267904,21279,508268518
GANTT,AudioCallback,99,21279,508290375,21279,508290580
GANTT,AudioCallback,99,21279,508296715,21279,508296860
GANTT,Direction_thread,50,21279,593903043,21279,593930481
GANTT,Speed_thread,40,21279,593904337,21279,594801425
GANTT,Issue_thread,60,21279,593991675,21279,594848345
GANTT,Preproc_thread,45,21279,643804013,21279,643804057
GANTT,AudioCallback,99,21279,764892965,21279,764893601
GANTT,AudioCallback,99,21279,764931416,21279,764931612
GANTT,AudioCallback,99,21279,764937334,21279,764937471
GANTT,Preproc_thread,45,21279,793802351,21279,793802378
GANTT,Speed_thread,40,21279,794015787,21279,794885172
GANTT,Preproc_thread,45,21279,943802910,21279,943802938
GANTT,Speed_thread,40,21279,993902207,21279,994740038
GANTT,AudioCallback,99,21280,18976329,21280,18976919
GANTT,AudioCallback,99,21280,18994779,21280,18994958
GANTT,Preproc_thread,45,21280,93802817,21280,93802843
GANTT,Direction_thread,50,21280,93898979,21280,93910801
GANTT,Speed_thread,40,21280,193988970,21280,194837594
GANTT,Preproc_thread,45,21280,243802382,21280,243802412
GANTT,AudioCallback,99,21280,274960444,21280,274961066
GANTT,AudioCallback,99,21280,274982859,21280,274983064
GANTT,AudioCallback,99,21280,274989170,21280,274989314
GANTT,Preproc_thread,45,21280,393803387,21280,393803426
GANTT,Speed_thread,40,21280,393921935,21280,394793251
GANTT,AudioCallback,99,21280,530982974,21280,530983781
GANTT,AudioCallback,99,21280,531041908,21280,531042065
GANTT,AudioCallback,99,21280,531048130,21280,531048257
GANTT,Preproc_thread,45,21280,543803489,21280,543803521
GANTT,Direction_thread,50,21280,593900147,21280,593930887
GANTT,Speed_thread,40,21280,593905842,21280,594831704
GANTT,Issue_thread,60,21280,593991047,21280,594874955
GANTT,FFT_thread,20,21280,594077006,21280,595044427
GANTT,Preproc_thread,45,21280,693801057,21280,693801086
GANTT,AudioCallback,99,21280,787457893,21280,787458633
GANTT,AudioCallback,99,21280,787497066,21280,787497302
GANTT,AudioCallback,99,21280,787503600,21280,787503749
GANTT,Speed_thread,40,21280,793932481,21280,794813954
GANTT,Preproc_thread,45,21280,843803367,21280,843803410
GANTT,Preproc_thread,45,21280,993803249,21280,993803294
GANTT,Speed_thread,40,21280,993930657,21280,994746544
GANTT,AudioCallback,99,21281,44031113,21281,44032066
GANTT,AudioCallback,99,21281,44060869,21281,44061064
GANTT,Direction_thread,50,21281,93903342,21281,93915608
GANTT,Preproc_thread,45,21281,143803945,21281,143803981
GANTT,Speed_thread,40,21281,193927007,21281,194780439
GANTT,Preproc_thread,45,21281,293804578,21281,293804613
GANTT,AudioCallback,99,21281,299986360,21281,299986993
GANTT,AudioCallback,99,21281,300009302,21281,300009507
GANTT,AudioCallback,99,21281,300014547,21281,300014662
GANTT,Speed_thread,40,21281,393924837,21281,394814188
GANTT,Preproc_thread,45,21281,443803448,21281,443803489
GANTT,AudioCallback,99,21281,555981488,21281,555982060
GANTT,AudioCallback,99,21281,556013725,21281,556013932
GANTT,AudioCallback,99,21281,556020650,21281,556020778
GANTT,Preproc_thread,45,21281,593804426,21281,593804472
GANTT,Direction_thread,50,21281,593905396,21281,593921608
GANTT,Issue_thread,60,21281,593923251,21281,594772866
GANTT,Speed_thread,40,21281,593906567,21281,594829633
GANTT,Preproc_thread,45,21281,743803532,21281,743803573
GANTT,Speed_thread,40,21281,793998062,21281,794909730
GANTT,AudioCallback,99,21281,811989205,21281,811989827
GANTT,AudioCallback,99,21281,812009028,21281,812009178
GANTT,AudioCallback,99,21281,812013732,21281,812013849
GANTT,Preproc_thread,45,21281,893803651,21281,893803691
GANTT,Speed_thread,40,21281,993902953,21281,994752019
GANTT,Preproc_thread,45,21282,43801820,21282,43801867
GANTT,AudioCallback,99,21282,67531337,21282,67531988
GANTT,AudioCallback,99,21282,67552025,21282,67552208
GANTT,Direction_thread,50,21282,93966238,21282,93976340
GANTT,Preproc_thread,45,21282,193802986,21282,193803027
GANTT,Speed_thread,40,21282,193902832,21282,194721469
GANTT,AudioCallback,99,21282,323960179,21282,323960802
GANTT,AudioCallback,99,21282,323996346,21282,323996533
GANTT,AudioCallback,99,21282,324004029,21282,324004165
GANTT,Preproc_thread,45,21282,343803061,21282,343803088
GANTT,Speed_thread,40,21282,393923037,21282,394815300
GANTT,Preproc_thread,45,21282,493803652,21282,493803682
GANTT,AudioCallback,99,21282,580280374,21282,580280974
GANTT,AudioCallback,99,21282,580316037,21282,580316238
GANTT,AudioCallback,99,21282,580321636,21282,580321772
GANTT,Direction_thread,50,21282,593907544,21282,593939378
GANTT,Display_thread,30,21282,593999884,21282,594059598
GANTT,Speed_thread,40,21282,593909801,21282,594825044
GANTT,Issue_thread,60,21282,593999916,21282,594870762
GANTT,FFT_thread,20,21282,594081731,21282,595062877
GANTT,Preproc_thread,45,21282,643804458,21282,643804510
GANTT,Preproc_thread,45,21282,793801058,21282,793801088
GANTT,Speed_thread,40,21282,794025150,21282,794903432
GANTT,AudioCallback,99,21282,836477042,21282,836477894
GANTT,AudioCallback,99,21282,836521998,21282,836522195
GANTT,AudioCallback,99,21282,836528640,21282,836528790
GANTT,Preproc_thread,45,21282,943800917,21282,943800950
GANTT,Speed_thread,40,21282,993991940,21282,994842365
GANTT,AudioCallback,99,21283,92315681,21283,92316440
GANTT,AudioCallback,99,21283,92353869,21283,92354043
GANTT,Preproc_thread,45,21283,93803341,21283,93803374
GANTT,Direction_thread,50,21283,93900276,21283,93912662
GANTT,Speed_thread,40,21283,193998079,21283,194842157
GANTT,Preproc_thread,45,21283,243805405,21283,243805436
GANTT,AudioCallback,99,21283,348821458,21283,348822203
GANTT,AudioCallback,99,21283,348859831,21283,348860011
GANTT,AudioCallback,99,21283,348864808,21283,348864926
GANTT,Preproc_thread,45,21283,393803533,21283,393803565
GANTT,Speed_thread,40,21283,393999326,21283,394876151
GANTT,Preproc_thread,45,21283,543805735,21283,543805779
GANTT,Direction_thread,50,21283,593966897,21283,593988049
GANTT,Speed_thread,40,21283,593966900,21283,594853338
GANTT,Issue_thread,60,21283,593995475,21283,594866916
GANTT,AudioCallback,99,21283,603689359,21283,603689839
GANTT,AudioCallback,99,21283,603708063,21283,603708259
GANTT,AudioCallback,99,21283,603714757,21283,603714919
GANTT,Preproc_thread,45,21283,693806685,21283,693806715
GANTT,Speed_thread,40,21283,793988861,21283,794896697
GANTT,Preproc_thread,45,21283,843811176,21283,843811280
GANTT,AudioCallback,99,21283,860432338,21283,860432969
GANTT,AudioCallback,99,21283,860453286,21283,860453458
GANTT,AudioCallback,99,21283,860458003,21283,860458118
GANTT,Preproc_thread,45,21283,993808596,21283,993808627
GANTT,Speed_thread,40,21283,993922947,21283,994987350
GANTT,Direction_thread,50,21284,93903645,21284,93917236
GANTT,AudioCallback,99,21284,116580358,21284,116581024
GANTT,AudioCallback,99,21284,116609997,21284,116610174
GANTT,Preproc_thread,45,21284,143809065,21284,143809098
GANTT,Speed_thread,40,21284,193988811,21284,194891504
GANTT,Preproc_thread,45,21284,293805465,21284,293805494
GANTT,AudioCallback,99,21284,371091448,21284,371092067
GANTT,AudioCallback,99,21284,371129218,21284,371129496
GANTT,AudioCallback,99,21284,371136131,21284,371136285
GANTT,Speed_thread,40,21284,394007450,21284,394897316
GANTT,Preproc_thread,45,21284,443806608,21284,443806639
GANTT,Preproc_thread,45,21284,593808717,21284,593808750
GANTT,Direction_thread,50,21284,593900816,21284,593918765
GANTT,Issue_thread,60,21284,593923456,21284,594787484
GANTT,Speed_thread,40,21284,593902994,21284,594814573
GANTT,FFT_thread,20,21284,594075768,21284,595022176
GANTT,AudioCallback,99,21284,627951515,21284,627952322
GANTT,AudioCallback,99,21284,627991025,21284,627991218
GANTT,AudioCallback,99,21284,627996212,21284,627996338
GANTT,Preproc_thread,45,21284,743799211,21284,743799237
GANTT,Speed_thread,40,21284,793924250,21284,794822501
GANTT,AudioCallback,99,21284,882896814,21284,882897680
GANTT,AudioCallback,99,21284,882933600,21284,882933771
GANTT,AudioCallback,99,21284,882939338,21284,882939495
GANTT,Preproc_thread,45,21284,893800367,21284,893800384
GANTT,Speed_thread,40,21284,993923358,21284,994827493
GANTT,Preproc_thread,45,21285,43804117,21285,43804148
GANTT,Direction_thread,50,21285,93897879,21285,93908995
GANTT,AudioCallback,99,21285,139622840,21285,139623590
GANTT,AudioCallback,99,21285,139662197,21285,139662381
GANTT,Preproc_thread,45,21285,193804382,21285,193804411
GANTT,Speed_thread,40,21285,193904432,21285,194792357
GANTT,Preproc_thread,45,21285,343804537,21285,343804568
GANTT,Speed_thread,40,21285,393932367,21285,394826734
GANTT,AudioCallback,99,21285,396586009,21285,396586432
GANTT,AudioCallback,99,21285,396604072,21285,396604249
GANTT,AudioCallback,99,21285,396608400,21285,396608514
GANTT,Preproc_thread,45,21285,493804494,21285,493804524
GANTT,Direction_thread,50,21285,593905832,21285,593924274
GANTT,Speed_thread,40,21285,593906974,21285,594818879
GANTT,Issue_thread,60,21285,593993856,21285,594847416
GANTT,Preproc_thread,45,21285,643803902,21285,643803937
GANTT,AudioCallback,99,21285,652529460,21285,652530111
GANTT,AudioCallback,99,21285,652550459,21285,652550697
GANTT,AudioCallback,99,21285,652556628,21285,652556778
GANTT,Preproc_thread,45,21285,793804279,21285,793804321
GANTT,Speed_thread,40,21285,793903569,21285,794767948
GANTT,AudioCallback,99,21285,906940004,21285,906940648
GANTT,AudioCallback,99,21285,906979752,21285,906980011
GANTT,AudioCallback,99,21285,906987256,21285,906987427
GANTT,Preproc_thread,45,21285,943801683,21285,943801709
GANTT,Speed_thread,40,21285,993922896,21285,994831235
GANTT,Preproc_thread,45,21286,93801572,21286,93801615
GANTT,Direction_thread,50,21286,93880775,21286,93892868
GANTT,AudioCallback,99,21286,163681663,21286,163682429
GANTT,AudioCallback,99,21286,163721189,21286,163721439
GANTT,Speed_thread,40,21286,193923666,21286,194772926
GANTT,Preproc_thread,45,21286,243803889,21286,243803932
GANTT,Preproc_thread,45,21286,393803752,21286,393803805
GANTT,Speed_thread,40,21286,393931654,21286,394752783
GANTT,AudioCallback,99,21286,418940637,21286,418941225
GANTT,AudioCallback,99,21286,418964515,21286,418964729
GANTT,AudioCallback,99,21286,418969322,21286,418969450
GANTT,Preproc_thread,45,21286,543804724,21286,543804774
GANTT,Direction_thread,50,21286,593985079,21286,594014981
GANTT,Issue_thread,60,21286,593931416,21286,594810448
GANTT,Speed_thread,40,21286,593985080,21286,594894715
GANTT,FFT_thread,20,21286,594099334,21286,595081696
GANTT,AudioCallback,99,21286,676143960,21286,676144800
GANTT,AudioCallback,99,21286,676199705,21286,676199913
GANTT,AudioCallback,99,21286,676206444,21286,676206598
GANTT,Preproc_thread,45,21286,693805522,21286,693805576
GANTT,Speed_thread,40,21286,793938591,21286,794831227
GANTT,Preproc_thread,45,21286,843805790,21286,843805912
GANTT,AudioCallback,99,21286,930924847,21286,930925545
GANTT,AudioCallback,99,21286,930962491,21286,930962715
GANTT,AudioCallback,99,21286,930967746,21286,930967873
GANTT,Preproc_thread,45,21286,993800957,21286,993800992
GANTT,Speed_thread,40,21286,993921292,21286,994801865
GANTT,Direction_thread,50,21287,93901790,21287,93916482
GANTT,Preproc_thread,45,21287,143802106,21287,143802138
GANTT,AudioCallback,99,21287,187334731,21287,187335504
GANTT,AudioCallback,99,21287,187375103,21287,187375300
GANTT,Speed_thread,40,21287,193902705,21287,194776528
GANTT,Preproc_thread,45,21287,293802178,21287,293802209
GANTT,Speed_thread,40,21287,394008359,21287,395038803
GANTT,Preproc_thread,45,21287,443802719,21287,443802759
GANTT,AudioCallback,99,21287,444779365,21287,444780028
GANTT,AudioCallback,99,21287,444801905,21287,444802069
GANTT,AudioCallback,99,21287,444806498,21287,444806612
GANTT,Preproc_thread,45,21287,593803123,21287,593803171
GANTT,Direction_thread,50,21287,593901979,21287,593917930
GANTT,Display_thread,30,21287,593984351,21287,594041542
GANTT,Speed_thread,40,21287,593903157,21287,594809403
GANTT,Issue_thread,60,21287,593984207,21287,594851199
GANTT,AudioCallback,99,21287,699454674,21287,699455413
GANTT,AudioCallback,99,21287,699491335,21287,699491502
GANTT,AudioCallback,99,21287,699495905,21287,699496013
GANTT,Preproc_thread,45,21287,743804460,21287,743804507
GANTT,Speed_thread,40,21287,793988985,21287,794889230
GANTT,Preproc_thread,45,21287,893803598,21287,893803630
GANTT,AudioCallback,99,21287,956435876,21287,956436535
GANTT,AudioCallback,99,21287,956461084,21287,956461258
GANTT,AudioCallback,99,21287,956465457,21287,956465571
GANTT,Speed_thread,40,21287,993991377,21287,994896035
GANTT,Preproc_thread,45,21288,43802299,21288,43802346
GANTT,Direction_thread,50,21288,93967614,21288,93977979
GANTT,Preproc_thread,45,21288,193803696,21288,193803727
GANTT,Speed_thread,40,21288,193994704,21288,194903943
GANTT,AudioCallback,99,21288,211374221,21288,211374784
GANTT,AudioCallback,99,21288,211393437,21288,211393622
GANTT,AudioCallback,99,21288,211398168,21288,211398292
GANTT,Preproc_thread,45,21288,343806455,21288,343806498
GANTT,Speed_thread,40,21288,393982821,21288,394862788
GANTT,AudioCallback,99,21288,468200205,21288,468200951
GANTT,AudioCallback,99,21288,468231151,21288,468231325
GANTT,Preproc_thread,45,21288,493803582,21288,493803614
GANTT,Direction_thread,50,21288,593901205,21288,593934819
GANTT,Issue_thread,60,21288,593989945,21288,594832315
GANTT,Speed_thread,40,21288,593904409,21288,594855298
GANTT,FFT_thread,20,21288,594075446,21288,595006684
GANTT,Preproc_thread,45,21288,643803486,21288,643803517
GANTT,AudioCallback,99,21288,724899048,21288,724899750
GANTT,AudioCallback,99,21288,724936227,21288,724936420
GANTT,AudioCallback,99,21288,724941814,21288,724941945
GANTT,Preproc_thread,45,21288,793803366,21288,793803399
GANTT,Speed_thread,40,21288,793903663,21288,794799584
GANTT,Preproc_thread,45,21288,943802730,21288,943802762
GANTT,AudioCallback,99,21288,980032296,21288,980033060
GANTT,AudioCallback,99,21288,980070795,21288,980070998
GANTT,AudioCallback,99,21288,980076269,21288,980076404
GANTT,Speed_thread,40,21288,993927022,21288,994837497
GANTT,Preproc_thread,45,21289,93801055,21289,93801096
GANTT,Direction_thread,50,21289,93877838,21289,93888543
GANTT,Speed_thread,40,21289,194008507,21289,194883083
GANTT,AudioCallback,99,21289,234821051,21289,234821873
GANTT,AudioCallback,99,21289,234869483,21289,234869637
GANTT,AudioCallback,99,21289,234875200,21289,234875334
GANTT,Preproc_thread,45,21289,243801894,21289,243801931
GANTT,Preproc_thread,45,21289,393802437,21289,393802475
GANTT,Speed_thread,40,21289,393994965,21289,394879074
GANTT,AudioCallback,99,21289,491599365,21289,491600162
GANTT,AudioCallback,99,21289,491636054,21289,491636220
GANTT,Preproc_thread,45,21289,543803758,21289,543803807
GANTT,Direction_thread,50,21289,593977613,21289,594006849
GANTT,Issue_thread,60,21289,594020391,21289,594870748
GANTT,Speed_thread,40,21289,593977611,21289,594890591
GANTT,Preproc_thread,45,21289,693805873,21289,693805909
GANTT,AudioCallback,99,21289,746773066,21289,746773814
GANTT,AudioCallback,99,21289,746819133,21289,746819361
GANTT,AudioCallback,99,21289,746826216,21289,746826372
GANTT,Speed_thread,40,21289,793980748,21289,794834895
GANTT,Preproc_thread,45,21289,843810798,21289,843810860
GANTT,Preproc_thread,45,21289,993803572,21289,993803602
GANTT,Speed_thread,40,21289,994006984,21289,994879617
GANTT,AudioCallback,99,21290,3938044,21290,3938663
GANTT,AudioCallback,99,21290,3947226,21290,3947366
GANTT,AudioCallback,99,21290,3952045,21290,3952165
GANTT,Direction_thread,50,21290,93973639,21290,93986214
GANTT,Preproc_thread,45,21290,143805975,21290,143806006
GANTT,Speed_thread,40,21290,193998518,21290,194923467
GANTT,AudioCallback,99,21290,259436946,21290,259437741
GANTT,AudioCallback,99,21290,259476177,21290,259476354
GANTT,AudioCallback,99,21290,259481008,21290,259481134
GANTT,Preproc_thread,45,21290,293803866,21290,293803896
GANTT,Speed_thread,40,21290,393988556,21290,394898976
GANTT,Preproc_thread,45,21290,443808089,21290,443808271
GANTT,AudioCallback,99,21290,515054060,21290,515054680
GANTT,AudioCallback,99,21290,515075840,21290,515076027
GANTT,Preproc_thread,45,21290,593803247,21290,593803279
GANTT,Direction_thread,50,21290,593981273,21290,594003048
GANTT,Issue_thread,60,21290,593910163,21290,594792335
GANTT,Speed_thread,40,21290,593981511,21290,594874728
GANTT,FFT_thread,20,21290,594078895,21290,595005693
GANTT,Preproc_thread,45,21290,743802364,21290,743802395
GANTT,AudioCallback,99,21290,771543229,21290,771543803
GANTT,AudioCallback,99,21290,771557089,21290,771557231
GANTT,AudioCallback,99,21290,771562195,21290,771562315
GANTT,Speed_thread,40,21290,793986956,21290,794842513
GANTT,Preproc_thread,45,21290,893804749,21290,893804785
GANTT,Speed_thread,40,21290,994017637,21290,994920396
GANTT,AudioCallback,99,21291,27265180,21291,27265878
GANTT,AudioCallback,99,21291,27304224,21291,27304362
GANTT,AudioCallback,99,21291,27308398,21291,27308519
GANTT,Preproc_thread,45,21291,43803379,21291,43803411
GANTT,Direction_thread,50,21291,93906108,21291,93915383
GANTT,Preproc_thread,45,21291,193804054,21291,193804080
GANTT,Speed_thread,40,21291,193931970,21291,194834923
GANTT,AudioCallback,99,21291,283356390,21291,283357003
GANTT,AudioCallback,99,21291,283395325,21291,283395563
GANTT,AudioCallback,99,21291,283401397,21291,283401539
GANTT,Preproc_thread,45,21291,343802112,21291,343802141
GANTT,Speed_thread,40,21291,393996885,21291,394840951
GANTT,Preproc_thread,45,21291,493802688,21291,493802728
GANTT,AudioCallback,99,21291,540720130,21291,540721067
GANTT,AudioCallback,99,21291,540767560,21291,540767861
GANTT,Direction_thread,50,21291,593975883,21291,594005308
GANTT,Issue_thread,60,21291,593923253,21291,594801564
GANTT,Speed_thread,40,21291,593975886,21291,594865205
GANTT,Preproc_thread,45,21291,643803413,21291,643803459
GANTT,Preproc_thread,45,21291,793804837,21291,793804871
GANTT,Speed_thread,40,21291,793903760,21291,794768444
GANTT,AudioCallback,99,21291,795625947,21291,795626409
GANTT,AudioCallback,99,21291,795634676,21291,795634845
GANTT,AudioCallback,99,21291,795639778,21291,795639934
GANTT,Preproc_thread,45,21291,943804979,21291,943805027
GANTT,Speed_thread,40,21291,993987147,21291,994880187
GANTT,AudioCallback,99,21292,51928112,21292,51928863
GANTT,AudioCallback,99,21292,51959193,21292,51959384
GANTT,AudioCallback,99,21292,51963708,21292,51963818
GANTT,Preproc_thread,45,21292,93801126,21292,93801156
GANTT,Direction_thread,50,21292,93880031,21292,93891385
GANTT,Speed_thread,40,21292,193928310,21292,194802847
GANTT,Preproc_thread,45,21292,243931958,21292,243931991
GANTT,Preproc_thread,45,21292,393844794,21292,393844882
GANTT,Speed_thread,40,21292,394019874,21292,396607290
GANTT,Preproc_thread,45,21292,543827459,21292,543827529
GANTT,Direction_thread,50,21292,593915070,21292,593968087
GANTT,Display_thread,30,21292,593929254,21292,594138815
GANTT,Issue_thread,60,21292,593929261,21292,596423996
GANTT,Speed_thread,40,21292,593916633,21292,596475178
GANTT,FFT_thread,20,21292,594084417,21292,596794316
GANTT,Preproc_thread,45,21292,693841886,21292,693841990
